iso3c,country,year,rank,score,incidents,fatalities,injuries,hostages
ARG,Argentina,2011,60,1.962,2,0,0,0
ARG,Argentina,2012,63,1.627,2,0,0,0
ARG,Argentina,2013,66,1.39,2,0,0,0
ARG,Argentina,2014,75,0.888,0,0,0,0
ARG,Argentina,2015,95,0.368,0,0,0,0
ARG,Argentina,2016,87,0.536,1,0,0,0
ARG,Argentina,2017,61,1.933,9,0,3,0
ARG,Argentina,2018,60,2.225,10,0,0,0
ARG,Argentina,2019,64,1.82,2,0,0,0
ARG,Argentina,2020,67,1.259,0,0,0,0
ARG,Argentina,2021,58,1.579,5,0,0,0
ARG,Argentina,2022,58,1.868,6,0,2,0
ARG,Argentina,2023,63,1.274,0,0,0,0
ARG,Argentina,2024,77,0.801,0,0,0,0
ARG,Argentina,2025,79,0.455,0,0,0,0
BOL,Bolivia,2011,88,0.539,0,0,0,0
BOL,Bolivia,2012,94,0.265,0,0,0,0
BOL,Bolivia,2013,97,0.128,0,0,0,0
BOL,Bolivia,2014,110,0,0,0,0,0
BOL,Bolivia,2015,107,0,0,0,0,0
BOL,Bolivia,2016,106,0,0,0,0,0
BOL,Bolivia,2017,107,0,0,0,0,0
BOL,Bolivia,2018,108,0,0,0,0,0
BOL,Bolivia,2019,110,0,0,0,0,0
BOL,Bolivia,2020,103,0,0,0,0,0
BOL,Bolivia,2021,95,0,0,0,0,0
BOL,Bolivia,2022,93,0,0,0,0,0
BOL,Bolivia,2023,94,0,0,0,0,0
BOL,Bolivia,2024,101,0,0,0,0,0
BOL,Bolivia,2025,100,0,0,0,0,0
BRA,Brazil,2011,92,0.423,0,0,0,0
BRA,Brazil,2012,97,0.233,0,0,0,0
BRA,Brazil,2013,101,0.114,0,0,0,0
BRA,Brazil,2014,100,0.059,0,0,0,0
BRA,Brazil,2015,83,0.72,2,0,0,0
BRA,Brazil,2016,79,0.72,1,0,0,0
BRA,Brazil,2017,89,0.423,0,0,0,0
BRA,Brazil,2018,87,0.577,1,0,0,0
BRA,Brazil,2019,51,2.92,3,8,10,0
BRA,Brazil,2020,52,2.271,0,0,0,0
BRA,Brazil,2021,55,1.669,0,0,0,0
BRA,Brazil,2022,47,2.617,2,4,12,0
BRA,Brazil,2023,51,1.988,0,0,0,0
BRA,Brazil,2024,61,1.43,1,0,0,0
BRA,Brazil,2025,62,0.909,0,0,0,0
CHL,Chile,2011,58,2.1,6,0,1,0
CHL,Chile,2012,64,1.615,1,0,0,0
CHL,Chile,2013,56,2.043,3,2,0,0
CHL,Chile,2014,40,2.821,15,0,17,0
CHL,Chile,2015,47,2.719,12,0,0,0
CHL,Chile,2016,51,3.036,23,0,2,0
CHL,Chile,2017,46,3.477,37,0,6,0
CHL,Chile,2018,35,4.158,81,1,7,0
CHL,Chile,2019,29,4.576,103,1,27,0
CHL,Chile,2020,23,5.16,198,6,26,0
CHL,Chile,2021,18,5.798,388,1,98,1
CHL,Chile,2022,16,5.937,337,9,51,0
CHL,Chile,2023,17,5.699,187,0,33,0
CHL,Chile,2024,22,5.168,55,0,2,0
CHL,Chile,2025,27,4.553,22,0,3,0
COL,Colombia,2011,11,6.647,162,161,346,36
COL,Colombia,2012,12,6.786,119,181,484,21
COL,Colombia,2013,10,6.776,217,140,291,19
COL,Colombia,2014,12,6.479,112,59,232,14
COL,Colombia,2015,15,6.448,190,103,158,7
COL,Colombia,2016,17,6.118,104,44,81,13
COL,Colombia,2017,16,6.024,95,57,200,4
COL,Colombia,2018,14,6.402,233,131,185,49
COL,Colombia,2019,12,6.75,342,154,374,32
COL,Colombia,2020,13,6.697,184,156,89,27
COL,Colombia,2021,14,6.434,75,78,195,7
COL,Colombia,2022,15,6.032,51,33,118,7
COL,Colombia,2023,16,6.235,184,93,135,86
COL,Colombia,2024,14,6.588,301,125,316,93
COL,Colombia,2025,9,7.116,442,213,722,272
CRI,Costa Rica,2011,114,0,0,0,0,0
CRI,Costa Rica,2012,113,0,0,0,0,0
CRI,Costa Rica,2013,111,0,0,0,0,0
CRI,Costa Rica,2014,110,0,0,0,0,0
CRI,Costa Rica,2015,107,0,0,0,0,0
CRI,Costa Rica,2016,106,0,0,0,0,0
CRI,Costa Rica,2017,107,0,0,0,0,0
CRI,Costa Rica,2018,108,0,0,0,0,0
CRI,Costa Rica,2019,110,0,0,0,0,0
CRI,Costa Rica,2020,103,0,0,0,0,0
CRI,Costa Rica,2021,95,0,0,0,0,0
CRI,Costa Rica,2022,93,0,0,0,0,0
CRI,Costa Rica,2023,94,0,0,0,0,0
CRI,Costa Rica,2024,101,0,0,0,0,0
CRI,Costa Rica,2025,100,0,0,0,0,0
CUB,Cuba,2011,114,0,0,0,0,0
CUB,Cuba,2012,113,0,0,0,0,0
CUB,Cuba,2013,111,0,0,0,0,0
CUB,Cuba,2014,110,0,0,0,0,0
CUB,Cuba,2015,107,0,0,0,0,0
CUB,Cuba,2016,106,0,0,0,0,0
CUB,Cuba,2017,107,0,0,0,0,0
CUB,Cuba,2018,108,0,0,0,0,0
CUB,Cuba,2019,110,0,0,0,0,0
CUB,Cuba,2020,103,0,0,0,0,0
CUB,Cuba,2021,95,0,0,0,0,0
CUB,Cuba,2022,93,0,0,0,0,0
CUB,Cuba,2023,94,0,0,0,0,0
CUB,Cuba,2024,101,0,0,0,0,0
CUB,Cuba,2025,100,0,0,0,0,0
DOM,Dominican Republic,2011,114,0,0,0,0,0
DOM,Dominican Republic,2012,113,0,0,0,0,0
DOM,Dominican Republic,2013,111,0,0,0,0,0
DOM,Dominican Republic,2014,110,0,0,0,0,0
DOM,Dominican Republic,2015,107,0,0,0,0,0
DOM,Dominican Republic,2016,106,0,0,0,0,0
DOM,Dominican Republic,2017,107,0,0,0,0,0
DOM,Dominican Republic,2018,108,0,0,0,0,0
DOM,Dominican Republic,2019,110,0,0,0,0,0
DOM,Dominican Republic,2020,103,0,0,0,0,0
DOM,Dominican Republic,2021,95,0,0,0,0,0
DOM,Dominican Republic,2022,93,0,0,0,0,0
DOM,Dominican Republic,2023,94,0,0,0,0,0
DOM,Dominican Republic,2024,101,0,0,0,0,0
DOM,Dominican Republic,2025,100,0,0,0,0,0
ECU,Ecuador,2011,105,0.123,0,0,0,0
ECU,Ecuador,2012,107,0.059,0,0,0,0
ECU,Ecuador,2013,89,0.443,1,0,0,0
ECU,Ecuador,2014,94,0.233,0,0,0,0
ECU,Ecuador,2015,87,0.506,1,0,0,0
ECU,Ecuador,2016,94,0.28,0,0,0,0
ECU,Ecuador,2017,100,0.15,0,0,0,0
ECU,Ecuador,2018,48,3.26,8,6,39,2
ECU,Ecuador,2019,54,2.815,2,1,2,0
ECU,Ecuador,2020,55,2.173,0,0,0,0
ECU,Ecuador,2021,59,1.534,0,0,0,0
ECU,Ecuador,2022,69,1.023,0,0,0,0
ECU,Ecuador,2023,89,0.167,0,0,0,0
ECU,Ecuador,2024,57,1.55,2,1,4,0
ECU,Ecuador,2025,37,3.063,1,11,1,0
GTM,Guatemala,2011,68,1.569,0,0,0,0
GTM,Guatemala,2012,48,2.757,2,7,2,0
GTM,Guatemala,2013,55,2.11,0,0,0,0
GTM,Guatemala,2014,67,1.528,0,0,0,0
GTM,Guatemala,2015,81,0.901,0,0,0,0
GTM,Guatemala,2016,86,0.548,0,0,0,0
GTM,Guatemala,2017,107,0,0,0,0,0
GTM,Guatemala,2018,108,0,0,0,0,0
GTM,Guatemala,2019,110,0,0,0,0,0
GTM,Guatemala,2020,103,0,0,0,0,0
GTM,Guatemala,2021,95,0,0,0,0,0
GTM,Guatemala,2022,93,0,0,0,0,0
GTM,Guatemala,2023,94,0,0,0,0,0
GTM,Guatemala,2024,101,0,0,0,0,0
GTM,Guatemala,2025,100,0,0,0,0,0
GUY,Guyana,2011,114,0,0,0,0,0
GUY,Guyana,2012,113,0,0,0,0,0
GUY,Guyana,2013,111,0,0,0,0,0
GUY,Guyana,2014,110,0,0,0,0,0
GUY,Guyana,2015,107,0,0,0,0,0
GUY,Guyana,2016,106,0,0,0,0,0
GUY,Guyana,2017,107,0,0,0,0,0
GUY,Guyana,2018,108,0,0,0,0,0
GUY,Guyana,2019,110,0,0,0,0,0
GUY,Guyana,2020,103,0,0,0,0,0
GUY,Guyana,2021,95,0,0,0,0,0
GUY,Guyana,2022,93,0,0,0,0,0
GUY,Guyana,2023,94,0,0,0,0,0
GUY,Guyana,2024,101,0,0,0,0,0
GUY,Guyana,2025,100,0,0,0,0,0
HND,Honduras,2011,64,1.799,0,0,0,0
HND,Honduras,2012,72,1.212,0,0,0,0
HND,Honduras,2013,78,0.768,0,0,0,0
HND,Honduras,2014,97,0.114,0,0,0,0
HND,Honduras,2015,107,0,0,0,0,0
HND,Honduras,2016,106,0,0,0,0,0
HND,Honduras,2017,107,0,0,0,0,0
HND,Honduras,2018,108,0,0,0,0,0
HND,Honduras,2019,110,0,0,0,0,0
HND,Honduras,2020,103,0,0,0,0,0
HND,Honduras,2021,95,0,0,0,0,0
HND,Honduras,2022,93,0,0,0,0,0
HND,Honduras,2023,94,0,0,0,0,0
HND,Honduras,2024,101,0,0,0,0,0
HND,Honduras,2025,100,0,0,0,0,0
HTI,Haiti,2011,114,0,0,0,0,0
HTI,Haiti,2012,113,0,0,0,0,0
HTI,Haiti,2013,111,0,0,0,0,0
HTI,Haiti,2014,110,0,0,0,0,0
HTI,Haiti,2015,107,0,0,0,0,0
HTI,Haiti,2016,106,0,0,0,0,0
HTI,Haiti,2017,107,0,0,0,0,0
HTI,Haiti,2018,108,0,0,0,0,0
HTI,Haiti,2019,110,0,0,0,0,0
HTI,Haiti,2020,103,0,0,0,0,0
HTI,Haiti,2021,95,0,0,0,0,0
HTI,Haiti,2022,93,0,0,0,0,0
HTI,Haiti,2023,94,0,0,0,0,0
HTI,Haiti,2024,101,0,0,0,0,0
HTI,Haiti,2025,100,0,0,0,0,0
JAM,Jamaica,2011,108,0.114,0,0,0,0
JAM,Jamaica,2012,107,0.059,0,0,0,0
JAM,Jamaica,2013,111,0,0,0,0,0
JAM,Jamaica,2014,110,0,0,0,0,0
JAM,Jamaica,2015,107,0,0,0,0,0
JAM,Jamaica,2016,106,0,0,0,0,0
JAM,Jamaica,2017,107,0,0,0,0,0
JAM,Jamaica,2018,108,0,0,0,0,0
JAM,Jamaica,2019,110,0,0,0,0,0
JAM,Jamaica,2020,103,0,0,0,0,0
JAM,Jamaica,2021,95,0,0,0,0,0
JAM,Jamaica,2022,93,0,0,0,0,0
JAM,Jamaica,2023,94,0,0,0,0,0
JAM,Jamaica,2024,101,0,0,0,0,0
JAM,Jamaica,2025,100,0,0,0,0,0
MEX,Mexico,2011,53,2.409,4,1,4,0
MEX,Mexico,2012,62,1.783,0,0,0,0
MEX,Mexico,2013,67,1.364,1,0,0,0
MEX,Mexico,2014,78,0.798,0,0,0,0
MEX,Mexico,2015,69,1.4,5,0,0,0
MEX,Mexico,2016,60,2.043,6,1,2,0
MEX,Mexico,2017,54,2.831,8,5,1,0
MEX,Mexico,2018,54,2.658,7,1,0,0
MEX,Mexico,2019,58,2.472,7,0,2,0
MEX,Mexico,2020,60,1.824,0,0,0,0
MEX,Mexico,2021,63,1.219,0,0,0,0
MEX,Mexico,2022,68,1.047,1,0,2,0
MEX,Mexico,2023,69,1.04,2,0,0,0
MEX,Mexico,2024,85,0.582,0,0,0,0
MEX,Mexico,2025,87,0.325,0,0,0,0
NIC,Nicaragua,2011,86,0.582,0,0,0,0
NIC,Nicaragua,2012,93,0.31,0,0,0,0
NIC,Nicaragua,2013,94,0.167,0,0,0,0
NIC,Nicaragua,2014,43,2.771,1,5,24,0
NIC,Nicaragua,2015,56,2.134,0,0,0,0
NIC,Nicaragua,2016,68,1.55,0,0,0,0
NIC,Nicaragua,2017,76,0.995,0,0,0,0
NIC,Nicaragua,2018,84,0.616,0,0,0,0
NIC,Nicaragua,2019,110,0,0,0,0,0
NIC,Nicaragua,2020,103,0,0,0,0,0
NIC,Nicaragua,2021,95,0,0,0,0,0
NIC,Nicaragua,2022,93,0,0,0,0,0
NIC,Nicaragua,2023,94,0,0,0,0,0
NIC,Nicaragua,2024,101,0,0,0,0,0
NIC,Nicaragua,2025,100,0,0,0,0,0
PAN,Panama,2011,86,0.582,0,0,0,0
PAN,Panama,2012,92,0.318,0,0,0,0
PAN,Panama,2013,94,0.167,0,0,0,0
PAN,Panama,2014,106,0.03,0,0,0,0
PAN,Panama,2015,107,0,0,0,0,0
PAN,Panama,2016,106,0,0,0,0,0
PAN,Panama,2017,107,0,0,0,0,0
PAN,Panama,2018,108,0,0,0,0,0
PAN,Panama,2019,110,0,0,0,0,0
PAN,Panama,2020,103,0,0,0,0,0
PAN,Panama,2021,95,0,0,0,0,0
PAN,Panama,2022,93,0,0,0,0,0
PAN,Panama,2023,94,0,0,0,0,0
PAN,Panama,2024,101,0,0,0,0,0
PAN,Panama,2025,100,0,0,0,0,0
PER,Peru,2011,33,3.748,5,9,9,0
PER,Peru,2012,31,3.845,12,6,9,26
PER,Peru,2013,30,3.69,9,4,6,18
PER,Peru,2014,30,3.498,6,3,11,9
PER,Peru,2015,40,3.427,3,7,6,0
PER,Peru,2016,45,3.461,1,10,0,0
PER,Peru,2017,50,3.137,2,4,0,0
PER,Peru,2018,50,3.119,4,4,10,0
PER,Peru,2019,55,2.706,1,2,0,0
PER,Peru,2020,56,2.01,0,0,0,0
PER,Peru,2021,38,3.403,1,16,0,0
PER,Peru,2022,41,2.72,0,0,0,0
PER,Peru,2023,41,2.742,1,4,3,0
PER,Peru,2024,44,2.16,1,0,1,0
PER,Peru,2025,49,1.572,0,0,0,0
PRY,Paraguay,2011,60,1.962,3,2,4,0
PRY,Paraguay,2012,65,1.397,0,0,0,0
PRY,Paraguay,2013,38,3.335,11,9,14,5
PRY,Paraguay,2014,42,2.774,3,0,0,0
PRY,Paraguay,2015,43,3.318,8,9,0,1
PRY,Paraguay,2016,46,3.403,5,8,1,1
PRY,Paraguay,2017,55,2.77,1,0,0,0
PRY,Paraguay,2018,56,2.514,3,1,2,4
PRY,Paraguay,2019,61,2.151,4,0,0,0
PRY,Paraguay,2020,63,1.716,2,0,0,1
PRY,Paraguay,2021,65,1.018,0,0,0,0
PRY,Paraguay,2022,73,0.613,0,0,0,0
PRY,Paraguay,2023,84,0.241,0,0,0,0
PRY,Paraguay,2024,98,0.073,0,0,0,0
PRY,Paraguay,2025,100,0,0,0,0,0
SLV,El Salvador,2011,60,1.962,0,0,0,0
SLV,El Salvador,2012,66,1.386,0,0,0,0
SLV,El Salvador,2013,73,0.876,0,0,0,0
SLV,El Salvador,2014,86,0.446,0,0,0,0
SLV,El Salvador,2015,107,0,0,0,0,0
SLV,El Salvador,2016,106,0,0,0,0,0
SLV,El Salvador,2017,107,0,0,0,0,0
SLV,El Salvador,2018,108,0,0,0,0,0
SLV,El Salvador,2019,110,0,0,0,0,0
SLV,El Salvador,2020,103,0,0,0,0,0
SLV,El Salvador,2021,95,0,0,0,0,0
SLV,El Salvador,2022,93,0,0,0,0,0
SLV,El Salvador,2023,94,0,0,0,0,0
SLV,El Salvador,2024,101,0,0,0,0,0
SLV,El Salvador,2025,100,0,0,0,0,0
TTO,Trinidad and Tobago,2011,114,0,0,0,0,0
TTO,Trinidad and Tobago,2012,113,0,0,0,0,0
TTO,Trinidad and Tobago,2013,111,0,0,0,0,0
TTO,Trinidad and Tobago,2014,110,0,0,0,0,0
TTO,Trinidad and Tobago,2015,107,0,0,0,0,0
TTO,Trinidad and Tobago,2016,106,0,0,0,0,0
TTO,Trinidad and Tobago,2017,107,0,0,0,0,0
TTO,Trinidad and Tobago,2018,108,0,0,0,0,0
TTO,Trinidad and Tobago,2019,110,0,0,0,0,0
TTO,Trinidad and Tobago,2020,103,0,0,0,0,0
TTO,Trinidad and Tobago,2021,95,0,0,0,0,0
TTO,Trinidad and Tobago,2022,93,0,0,0,0,0
TTO,Trinidad and Tobago,2023,94,0,0,0,0,0
TTO,Trinidad and Tobago,2024,101,0,0,0,0,0
TTO,Trinidad and Tobago,2025,100,0,0,0,0,0
URY,Uruguay,2011,90,0.465,0,0,0,0
URY,Uruguay,2012,95,0.241,0,0,0,0
URY,Uruguay,2013,97,0.128,0,0,0,0
URY,Uruguay,2014,110,0,0,0,0,0
URY,Uruguay,2015,107,0,0,0,0,0
URY,Uruguay,2016,106,0,0,0,0,0
URY,Uruguay,2017,82,0.72,2,0,0,0
URY,Uruguay,2018,90,0.423,0,0,0,0
URY,Uruguay,2019,95,0.233,0,0,0,0
URY,Uruguay,2020,75,0.778,2,0,0,0
URY,Uruguay,2021,76,0.462,0,0,0,0
URY,Uruguay,2022,81,0.233,0,0,0,0
URY,Uruguay,2023,91,0.114,0,0,0,0
URY,Uruguay,2024,99,0.059,0,0,0,0
URY,Uruguay,2025,100,0,0,0,0,0
VEN,Venezuela,2011,63,1.804,1,0,0,0
VEN,Venezuela,2012,73,1.209,0,0,0,0
VEN,Venezuela,2013,64,1.456,1,1,0,0
VEN,Venezuela,2014,80,0.763,0,0,0,0
VEN,Venezuela,2015,71,1.302,1,1,0,0
VEN,Venezuela,2016,76,1.04,1,0,0,0
VEN,Venezuela,2017,85,0.648,0,0,0,0
VEN,Venezuela,2018,34,4.167,5,34,19,0
VEN,Venezuela,2019,42,3.483,0,0,0,0
VEN,Venezuela,2020,47,2.873,2,0,0,0
VEN,Venezuela,2021,46,2.851,4,2,0,12
VEN,Venezuela,2022,52,2.209,0,0,0,0
VEN,Venezuela,2023,67,1.174,0,0,0,0
VEN,Venezuela,2024,84,0.71,0,0,0,0
VEN,Venezuela,2025,85,0.396,0,0,0,0
